{
  "project_info": {
    "project_number": "538266628747",
    "project_id": "newdiabetesapplication",
    "storage_bucket": "newdiabetesapplication.appspot.com"
  },
  "client": [
    {
      "client_info": {
        "mobilesdk_app_id": "1:538266628747:android:afa4f4f4897fefdff99a8e",
        "android_client_info": {
          "package_name": "com.tillster.newdiabetesapplication"
        }
      },
      "oauth_client": [
        {
          "client_id": "538266628747-mt9qlgbv3nfbb54ks0k27tkj9nkn7gle.apps.googleusercontent.com",
          "client_type": 3
        }
      ],
      "api_key": [
        {
          "current_key": "AIzaSyBlImkH-SxceTPWdmQcg0Bb8w15ACABzMQ"
        }
      ],
      "services": {
        "appinvite_service": {
          "other_platform_oauth_client": [
            {
              "client_id": "538266628747-mt9qlgbv3nfbb54ks0k27tkj9nkn7gle.apps.googleusercontent.com",
              "client_type": 3
            }
          ]
        }
      }
    }
  ],
  "configuration_version": "1"
}